Workbook

Sheet Premissas
A1: Premissas e fontes
A3: Valores em azul são entradas editáveis; medidas físicas conferidas no repositório em 30/09/2026.
A5: Parâmetro | B5: Valor | C5: Unidade | D5: Fonte / critério
A6: Conversão MiB | B6: 1048576 | C6: bytes / MiB | D6: Definição binária: 1 MiB = 1.048.576 bytes.
A7: Conversão GiB | B7: 1073741824 | C7: bytes / GiB | D7: Definição binária: 1 GiB = 1.073.741.824 bytes.
A8: Folga operacional | B8: 0.3 | C8: fração | D8: Premissa editável: 30% sobre os arquivos armazenados, para crescimento e operações locais.
A9: Cópias extras | B9: 0 | C9: cópias | D9: Premissa editável: 0 por padrão; 1 dobra a quantidade de arquivos antes da folga.
A10: PBIX existente | B10: 9117811 | C10: bytes | D10: 06_Power_BI/t1_BI.pbix — tamanho físico observado; inclui modelo importado.
A11: KNWF existente | B11: 61589192 | C11: bytes | D11: 03_ETL/ETL_CPGF_2021_2025.knwf — opcional; exportação atual contém metadados e exemplos.
A13: Escopo e interpretação
A14: A contagem e o tamanho dos 60 CSVs brutos, dos 6 CSVs dimensionais, do PBIX e do KNWF são medidos, não estimados.
A15: A reserva é uma estimativa: bytes medidos × (1 + cópias extras) × (1 + folga operacional).
A16: CSV, PBIX e KNWF são arquivos físicos distintos; somá-los dimensiona o espaço total, embora contenham dados relacionados.
A17: Não inclui instalação do Power BI/KNIME, cache temporário, memória RAM, sistema operacional, ZIPs de entrega ou vídeo.
A18: A planilha registra o tamanho dos arquivos nesta data; se os arquivos mudarem, atualize os valores em azul nas abas de origem.

Sheet Brutos 2021-2025
A1: Arquivos brutos por ano de extrato
A3: CPGF mensal: 12 arquivos em cada ano de extrato; quantidades não representam ano da data da transação.
A5: Ano extrato | B5: Arquivos | C5: Linhas | D5: Bytes físicos | E5: MiB | F5: GiB | G5: Bytes / linha | H5: Origem
A6: 2021 | B6: 12 | C6: 82985 | D6: 22578020 | E6: =D6/Premissas!$B$6 -> 21.532078 | F6: =D6/Premissas!$B$7 -> 0.02102742 | G6: =IFERROR(D6/C6,0) -> 272.07351 | H6: 02_Dados_Brutos/2021_jan_dez/*_CPGF.csv
A7: 2022 | B7: 12 | C7: 136611 | D7: 38224346 | E7: =D7/Premissas!$B$6 -> 36.453577 | F7: =D7/Premissas!$B$7 -> 0.035599196 | G7: =IFERROR(D7/C7,0) -> 279.80431 | H7: 02_Dados_Brutos/2022_jan_dez/*_CPGF.csv
A8: 2023 | B8: 12 | C8: 134122 | D8: 37115069 | E8: =D8/Premissas!$B$6 -> 35.395688 | F8: =D8/Premissas!$B$7 -> 0.034566102 | G8: =IFERROR(D8/C8,0) -> 276.72618 | H8: 02_Dados_Brutos/2023_jan_dez/*_CPGF.csv
A9: 2024 | B9: 12 | C9: 143849 | D9: 39207658 | E9: =D9/Premissas!$B$6 -> 37.391336 | F9: =D9/Premissas!$B$7 -> 0.036514977 | G9: =IFERROR(D9/C9,0) -> 272.56121 | H9: 02_Dados_Brutos/2024_jan_dez/*_CPGF.csv
A10: 2025 | B10: 12 | C10: 160800 | D10: 44219126 | E10: =D10/Premissas!$B$6 -> 42.170645 | F10: =D10/Premissas!$B$7 -> 0.04118227 | G10: =IFERROR(D10/C10,0) -> 274.99456 | H10: 02_Dados_Brutos/2025_jan_dez/*_CPGF.csv
A11: TOTAL | B11: =SUM(B6:B10) -> 60 | C11: =SUM(C6:C10) -> 658367 | D11: =SUM(D6:D10) -> 181344219 | E11: =D11/Premissas!$B$6 -> 172.94332 | F11: =D11/Premissas!$B$7 -> 0.16888996 | G11: =IFERROR(D11/C11,0) -> 275.44549 | H11: 60 CSVs; totais sem cabeçalho
A13: Fonte: arquivos em 02_Dados_Brutos/{ano}_jan_dez/*.csv. Cada linha representa uma transação publicada no extrato; sigilo pode ocultar data e portador.

Sheet Modelo CSV
A1: Modelo dimensional em CSV
A3: Grão da fato: linha de transação publicada. O tamanho se refere aos CSVs exportados, não ao modelo comprimido do PBIX.
A5: Tabela | B5: Papel | C5: Linhas | D5: Bytes físicos | E5: MiB | F5: Bytes / linha | G5: Origem
A6: Fato_Transacoes | B6: Fato | C6: 658367 | D6: 17767341 | E6: =D6/Premissas!$B$6 -> 16.944257 | F6: =IFERROR(D6/C6,0) -> 26.986986 | G6: 04_Dados_Tratados/Fato_Transacoes.csv
A7: Dim_Favorecido | B7: Dimensão | C7: 96809 | D7: 5526887 | E7: =D7/Premissas!$B$6 -> 5.2708502 | F7: =IFERROR(D7/C7,0) -> 57.090632 | G7: 04_Dados_Tratados/Dim_Favorecido.csv
A8: Dim_Orgao | B8: Dimensão | C8: 1511 | D8: 217345 | E8: =D8/Premissas!$B$6 -> 0.20727634 | F8: =IFERROR(D8/C8,0) -> 143.84183 | G8: 04_Dados_Tratados/Dim_Orgao.csv
A9: Dim_Portador | B9: Dimensão | C9: 12594 | D9: 635172 | E9: =D9/Premissas!$B$6 -> 0.60574722 | F9: =IFERROR(D9/C9,0) -> 50.434493 | G9: 04_Dados_Tratados/Dim_Portador.csv
A10: Dim_Tempo | B10: Dimensão | C10: 1816 | D10: 82589 | E10: =D10/Premissas!$B$6 -> 0.078763008 | F10: =IFERROR(D10/C10,0) -> 45.478524 | G10: 04_Dados_Tratados/Dim_Tempo.csv
A11: Dim_Transacao | B11: Dimensão | C11: 9 | D11: 320 | E11: =D11/Premissas!$B$6 -> 0.00030517578 | F11: =IFERROR(D11/C11,0) -> 35.555556 | G11: 04_Dados_Tratados/Dim_Transacao.csv
A12: TOTAL | B12: 6 CSVs | C12: =SUM(C6:C11) -> 771106 | D12: =SUM(D6:D11) -> 24229654 | E12: =D12/Premissas!$B$6 -> 23.107199 | F12: =IFERROR(D12/C12,0) -> 31.42195 | G12: Soma dos seis arquivos; linhas das dimensões não são transações.
A14: Fonte: 04_Dados_Tratados/*.csv. O número de transações está apenas em Fato_Transacoes; o TOTAL de linhas soma fato e dimensões para conferir volume físico.

Sheet Resumo
A1: CPGF 2021-2025 | Dimensionamento DOLAP
A3: Espaço em disco local: tamanhos observados em bytes + premissas editáveis de reserva. Unidades binárias (MiB, GiB).
A5: Base observada em 30/09/2026
A6: Transações na tabela fato | B6: ='Modelo CSV'!C6 -> 658367
A7: Modelo dimensional CSV (bytes) | B7: ='Modelo CSV'!D12 -> 24229654
A8: Dados brutos 2021-2025 (bytes) | B8: ='Brutos 2021-2025'!D11 -> 181344219
A9: PBIX (bytes) | B9: =Premissas!B10 -> 9117811
A11: Cenários: espaço físico medido e reserva recomendada
A12: Escopo | B12: Bytes medidos | C12: MiB medidos | D12: GiB medidos | E12: Folga (MiB) | F12: Reservar (MiB) | G12: Reservar (GiB) | H12: Arquivos considerados
A13: Somente relatório Power BI | B13: =Premissas!B10 -> 9117811 | C13: =B13/Premissas!$B$6 -> 8.6954222 | D13: =B13/Premissas!$B$7 -> 0.0084916232 | E13: =C13*(1+Premissas!$B$9)*Premissas!$B$8 -> 2.6086267 | F13: =C13*(1+Premissas!$B$9)*(1+Premissas!$B$8) -> 11.304049 | G13: =F13*Premissas!$B$6/Premissas!$B$7 -> 0.01103911 | H13: PBIX local; não guarda separadamente os CSVs para atualizar.
A14: PBIX + modelo CSV | B14: =B13+'Modelo CSV'!D12 -> 33347465 | C14: =B14/Premissas!$B$6 -> 31.802621 | D14: =B14/Premissas!$B$7 -> 0.031057247 | E14: =C14*(1+Premissas!$B$9)*Premissas!$B$8 -> 9.5407863 | F14: =C14*(1+Premissas!$B$9)*(1+Premissas!$B$8) -> 41.343407 | G14: =F14*Premissas!$B$6/Premissas!$B$7 -> 0.040374421 | H14: PBIX + fato e cinco dimensões em CSV.
A15: PBIX + CSV + fontes originais | B15: =B14+'Brutos 2021-2025'!D11 -> 214691684 | C15: =B15/Premissas!$B$6 -> 204.74594 | D15: =B15/Premissas!$B$7 -> 0.19994721 | E15: =C15*(1+Premissas!$B$9)*Premissas!$B$8 -> 61.423783 | F15: =C15*(1+Premissas!$B$9)*(1+Premissas!$B$8) -> 266.16973 | G15: =F15*Premissas!$B$6/Premissas!$B$7 -> 0.25993138 | H15: Anterior + 60 arquivos brutos para refazer o ETL.
A16: Acervo local com KNIME | B16: =B15+Premissas!B11 -> 276280876 | C16: =B16/Premissas!$B$6 -> 263.48198 | D16: =B16/Premissas!$B$7 -> 0.25730662 | E16: =C16*(1+Premissas!$B$9)*Premissas!$B$8 -> 79.044593 | F16: =C16*(1+Premissas!$B$9)*(1+Premissas!$B$8) -> 342.52657 | G16: =F16*Premissas!$B$6/Premissas!$B$7 -> 0.3344986 | H16: Anterior + fluxo KNIME exportado; não inclui instalação do KNIME.
A19: Reserva sugerida: análise + fontes | B19: =F15 -> 266.16973 | C19: MiB
A20: Reserva com KNIME exportado | B20: =F16 -> 342.52657 | C20: MiB
A22: DOLAP aqui significa guardar o relatório Power BI e, conforme o cenário escolhido, seus arquivos CSV locais. A reserva é uma premissa, não tamanho adicional já utilizado. Para recuperação, alterar Cópias extras na aba Premissas.
A25: A granularidade dos extratos é mês/ano de extrato (2021–2025). Datas de transação disponíveis também incluem 2020 e há registros sob sigilo sem data/portador; isso não muda o número de linhas ou os bytes medidos.
